23.0,5.0,40.0,28.0,58.82,142.0,4.0,41.0,28.0,59.42,-1.0,6.0,34.0,34.0,50.0,-6.0,1
10.0,14.0,11.0,24.0,31.43,70.0,13.0,12.0,23.0,34.29,-1.0,15.0,5.0,28.0,15.15,-6.0,0
8.0,6.0,34.0,33.0,50.75,141.0,5.0,39.0,28.0,58.21,-5.0,7.0,30.0,36.0,45.45,-4.0,0
27.0,5.0,45.0,25.0,64.29,144.0,4.0,44.0,23.0,65.67,1.0,6.0,43.0,25.0,63.24,-2.0,1
29.0,2.0,49.0,21.0,70.0,145.0,1.0,56.0,13.0,81.16,-7.0,3.0,46.0,23.0,66.67,-3.0,1
27.0,6.0,44.0,25.0,63.77,142.0,5.0,44.0,25.0,63.77,0.0,7.0,42.0,25.0,62.69,-2.0,1
2.0,4.0,42.0,29.0,59.15,148.0,3.0,43.0,29.0,59.72,-1.0,5.0,40.0,31.0,56.34,-2.0,1
8.0,8.0,1.0,1.0,50.0,4.0,7.0,1.0,1.0,50.0,0.0,9.0,1.0,1.0,50.0,0.0,0
14.0,10.0,18.0,30.0,37.5,96.0,9.0,18.0,28.0,39.13,0.0,11.0,16.0,29.0,35.56,-2.0,0
14.0,13.0,2.0,6.0,25.0,16.0,12.0,3.0,6.0,33.33,-1.0,14.0,2.0,7.0,22.22,0.0,0
19.0,13.0,2.0,6.0,25.0,15.0,12.0,2.0,4.0,33.33,0.0,14.0,1.0,5.0,16.67,-1.0,0
4.0,7.0,28.0,34.0,45.16,131.0,6.0,33.0,29.0,53.23,-5.0,8.0,28.0,34.0,45.16,0.0,1
11.0,10.0,3.0,5.0,37.5,15.0,9.0,3.0,3.0,50.0,0.0,11.0,2.0,5.0,28.57,-1.0,0
22.0,7.0,21.0,14.0,60.0,68.0,6.0,23.0,11.0,67.65,-2.0,8.0,19.0,16.0,54.29,-2.0,0
29.0,3.0,50.0,24.0,67.57,153.0,2.0,50.0,23.0,68.49,0.0,4.0,49.0,25.0,66.22,-1.0,1
1.0,1.0,58.0,13.0,81.69,148.0,0.0,0.0,0.0,0.0,0.0,2.0,50.0,21.0,70.42,-8.0,1
5.0,5.0,29.0,20.0,59.18,96.0,4.0,30.0,19.0,61.22,-1.0,6.0,25.0,22.0,53.19,-4.0,1
7.0,9.0,13.0,21.0,38.24,63.0,8.0,14.0,18.0,43.75,-1.0,10.0,10.0,18.0,35.71,-3.0,0
8.0,6.0,40.0,40.0,50.0,167.0,5.0,46.0,34.0,57.5,-6.0,7.0,38.0,42.0,47.5,-2.0,1
1.0,1.0,66.0,15.0,81.48,168.0,0.0,0.0,0.0,0.0,0.0,2.0,55.0,26.0,67.9,-11.0,1
8.0,6.0,23.0,22.0,51.11,92.0,5.0,26.0,20.0,56.52,-3.0,7.0,20.0,25.0,44.44,-3.0,1
28.0,8.0,20.0,16.0,55.56,69.0,7.0,21.0,14.0,60.0,-1.0,9.0,17.0,16.0,51.52,-3.0,0
2.0,2.0,25.0,12.0,67.57,77.0,1.0,29.0,8.0,78.38,-4.0,3.0,25.0,12.0,67.57,0.0,0
27.0,6.0,24.0,12.0,66.67,72.0,5.0,24.0,11.0,68.57,0.0,7.0,21.0,15.0,58.33,-3.0,0
30.0,13.0,14.0,28.0,33.33,86.0,12.0,16.0,26.0,38.1,-2.0,14.0,12.0,31.0,27.91,-2.0,0
4.0,9.0,13.0,22.0,37.14,69.0,8.0,15.0,20.0,42.86,-2.0,10.0,11.0,20.0,35.48,-2.0,0
10.0,14.0,12.0,25.0,32.43,74.0,13.0,13.0,24.0,35.14,-1.0,15.0,5.0,30.0,14.29,-7.0,1
10.0,14.0,11.0,25.0,30.56,72.0,13.0,13.0,23.0,36.11,-2.0,15.0,5.0,29.0,14.71,-6.0,0
3.0,7.0,32.0,37.0,46.38,146.0,6.0,34.0,36.0,48.57,-2.0,8.0,30.0,38.0,44.12,-2.0,1
15.0,3.0,45.0,29.0,60.81,152.0,2.0,47.0,27.0,63.51,-2.0,4.0,43.0,30.0,58.9,-2.0,1
21.0,8.0,37.0,30.0,55.22,141.0,7.0,41.0,25.0,62.12,-4.0,9.0,37.0,30.0,55.22,0.0,1
26.0,5.0,44.0,25.0,63.77,142.0,4.0,44.0,22.0,66.67,0.0,6.0,44.0,25.0,63.77,0.0,1
16.0,11.0,26.0,38.0,40.62,138.0,10.0,29.0,36.0,44.62,-3.0,12.0,23.0,43.0,34.85,-3.0,1
4.0,10.0,30.0,40.0,42.86,147.0,9.0,30.0,39.0,43.48,0.0,11.0,29.0,40.0,42.03,-1.0,1
18.0,4.0,34.0,17.0,66.67,103.0,3.0,35.0,15.0,70.0,-1.0,5.0,35.0,18.0,66.04,1.0,0
16.0,8.0,10.0,12.0,45.45,47.0,7.0,11.0,12.0,47.83,-1.0,9.0,10.0,16.0,38.46,0.0,0
13.0,10.0,26.0,36.0,41.94,133.0,9.0,28.0,35.0,44.44,-2.0,11.0,25.0,36.0,40.98,-1.0,1
21.0,11.0,7.0,7.0,50.0,32.0,10.0,8.0,8.0,50.0,-1.0,12.0,5.0,11.0,31.25,-2.0,0
8.0,6.0,39.0,40.0,49.37,165.0,5.0,45.0,34.0,56.96,-6.0,7.0,37.0,42.0,46.84,-2.0,1
8.0,4.0,7.0,5.0,58.33,23.0,3.0,7.0,3.0,70.0,0.0,5.0,6.0,5.0,54.55,-1.0,0
11.0,8.0,30.0,38.0,44.12,146.0,7.0,32.0,37.0,46.38,-2.0,9.0,30.0,39.0,43.48,0.0,0
30.0,13.0,17.0,33.0,34.0,102.0,12.0,17.0,31.0,35.42,0.0,14.0,13.0,37.0,26.0,-4.0,0
2.0,2.0,34.0,17.0,66.67,102.0,1.0,42.0,9.0,82.35,-8.0,3.0,31.0,20.0,60.78,-3.0,1
11.0,8.0,20.0,27.0,42.55,96.0,7.0,20.0,26.0,43.48,0.0,9.0,18.0,28.0,39.13,-2.0,1
16.0,8.0,17.0,24.0,41.46,82.0,7.0,18.0,22.0,45.0,-1.0,9.0,16.0,25.0,39.02,-1.0,1
10.0,14.0,13.0,39.0,25.0,106.0,13.0,18.0,33.0,35.29,-5.0,15.0,11.0,41.0,21.15,-2.0,0
13.0,9.0,10.0,17.0,37.04,60.0,8.0,13.0,15.0,46.43,-3.0,10.0,11.0,21.0,34.38,1.0,1
5.0,3.0,40.0,25.0,61.54,131.0,2.0,39.0,24.0,61.9,1.0,4.0,38.0,24.0,61.29,-2.0,0
19.0,8.0,41.0,30.0,57.75,148.0,7.0,45.0,27.0,62.5,-4.0,9.0,38.0,33.0,53.52,-3.0,1
4.0,9.0,34.0,43.0,44.16,160.0,8.0,35.0,42.0,45.45,-1.0,10.0,34.0,43.0,44.16,0.0,1
2.0,4.0,49.0,33.0,59.76,170.0,3.0,50.0,32.0,60.98,-1.0,5.0,46.0,36.0,56.1,-3.0,1
6.0,14.0,18.0,56.0,24.32,153.0,13.0,22.0,52.0,29.73,-4.0,15.0,14.0,60.0,18.92,-4.0,1
27.0,4.0,51.0,26.0,66.23,159.0,3.0,52.0,25.0,67.53,-1.0,5.0,50.0,26.0,65.79,-1.0,1
29.0,3.0,53.0,25.0,67.95,163.0,2.0,53.0,25.0,67.95,0.0,4.0,53.0,26.0,67.09,0.0,1
4.0,11.0,8.0,18.0,30.77,51.0,10.0,10.0,18.0,35.71,-2.0,12.0,6.0,19.0,24.0,-2.0,0
20.0,15.0,5.0,25.0,16.67,64.0,14.0,10.0,22.0,31.25,-5.0,0.0,0.0,0.0,0.0,0.0,0
26.0,7.0,49.0,32.0,60.49,168.0,6.0,51.0,30.0,62.96,-2.0,8.0,44.0,37.0,54.32,-5.0,1
29.0,2.0,54.0,25.0,68.35,165.0,1.0,64.0,15.0,81.01,-10.0,3.0,54.0,26.0,67.5,0.0,1
29.0,2.0,44.0,17.0,72.13,130.0,1.0,48.0,12.0,80.0,-4.0,3.0,41.0,19.0,68.33,-3.0,1
3.0,7.0,34.0,40.0,45.95,155.0,6.0,36.0,38.0,48.65,-2.0,8.0,33.0,40.0,45.21,-1.0,0
3.0,9.0,30.0,36.0,45.45,140.0,8.0,30.0,36.0,45.45,0.0,10.0,29.0,36.0,44.62,-1.0,1
19.0,8.0,35.0,28.0,55.56,132.0,7.0,39.0,23.0,62.9,-4.0,9.0,34.0,29.0,53.97,-1.0,1
5.0,2.0,51.0,29.0,63.75,167.0,1.0,60.0,20.0,75.0,-9.0,3.0,48.0,32.0,60.0,-3.0,1
27.0,4.0,33.0,15.0,68.75,96.0,3.0,33.0,15.0,68.75,0.0,5.0,32.0,16.0,66.67,-1.0,1
29.0,2.0,4.0,0.0,100.0,7.0,1.0,4.0,0.0,100.0,0.0,3.0,3.0,0.0,100.0,-1.0,0
1.0,1.0,57.0,13.0,81.43,147.0,0.0,0.0,0.0,0.0,0.0,2.0,50.0,21.0,70.42,-7.0,1
18.0,5.0,32.0,15.0,68.09,95.0,4.0,32.0,15.0,68.09,0.0,6.0,31.0,17.0,64.58,-1.0,0
8.0,6.0,34.0,35.0,49.28,144.0,5.0,40.0,29.0,57.97,-6.0,7.0,32.0,36.0,47.06,-2.0,1
13.0,7.0,39.0,42.0,48.15,169.0,6.0,41.0,40.0,50.62,-2.0,8.0,38.0,43.0,46.91,-1.0,1
9.0,11.0,5.0,7.0,41.67,25.0,10.0,6.0,5.0,54.55,-1.0,12.0,5.0,8.0,38.46,0.0,0
30.0,15.0,0.0,2.0,0.0,3.0,14.0,0.0,1.0,0.0,0.0,0.0,0.0,0.0,0.0,0.0,0
24.0,15.0,15.0,64.0,18.99,165.0,14.0,18.0,61.0,22.78,-3.0,0.0,0.0,0.0,0.0,0.0,0
17.0,1.0,53.0,14.0,79.1,140.0,0.0,0.0,0.0,0.0,0.0,2.0,43.0,26.0,62.32,-10.0,1
21.0,8.0,44.0,37.0,54.32,168.0,7.0,49.0,32.0,60.49,-5.0,9.0,44.0,37.0,54.32,0.0,1
2.0,2.0,35.0,17.0,67.31,104.0,1.0,42.0,10.0,80.77,-7.0,3.0,32.0,20.0,61.54,-3.0,1
8.0,6.0,34.0,34.0,50.0,142.0,5.0,40.0,28.0,58.82,-6.0,7.0,31.0,36.0,46.27,-3.0,1
23.0,5.0,44.0,33.0,57.14,159.0,4.0,45.0,32.0,58.44,-1.0,6.0,38.0,39.0,49.35,-6.0,1
15.0,3.0,46.0,32.0,58.97,163.0,2.0,51.0,27.0,65.38,-5.0,4.0,46.0,32.0,58.97,0.0,1
9.0,11.0,15.0,20.0,42.86,70.0,10.0,17.0,18.0,48.57,-2.0,12.0,14.0,20.0,41.18,-1.0,0
13.0,11.0,18.0,30.0,37.5,100.0,10.0,19.0,31.0,38.0,-1.0,12.0,18.0,32.0,36.0,0.0,0
30.0,11.0,37.0,43.0,46.25,166.0,10.0,39.0,41.0,48.75,-2.0,12.0,29.0,50.0,36.71,-8.0,0
2.0,2.0,33.0,17.0,66.0,100.0,1.0,41.0,9.0,82.0,-8.0,3.0,31.0,19.0,62.0,-2.0,0
5.0,4.0,13.0,7.0,65.0,43.0,3.0,14.0,6.0,70.0,-1.0,5.0,12.0,8.0,60.0,-1.0,0
8.0,6.0,33.0,30.0,52.38,133.0,5.0,36.0,28.0,56.25,-3.0,7.0,28.0,34.0,45.16,-5.0,1
5.0,5.0,28.0,20.0,58.33,95.0,4.0,30.0,19.0,61.22,-2.0,6.0,24.0,22.0,52.17,-4.0,1
21.0,9.0,36.0,30.0,54.55,139.0,8.0,37.0,29.0,56.06,-1.0,10.0,35.0,33.0,51.47,-1.0,1
2.0,3.0,30.0,15.0,66.67,92.0,2.0,31.0,15.0,67.39,-1.0,4.0,30.0,17.0,63.83,0.0,1
1.0,1.0,56.0,13.0,81.16,145.0,0.0,0.0,0.0,0.0,0.0,2.0,49.0,21.0,70.0,-7.0,0
23.0,5.0,36.0,28.0,56.25,133.0,4.0,39.0,26.0,60.0,-3.0,6.0,33.0,30.0,52.38,-3.0,1
9.0,14.0,1.0,6.0,14.29,16.0,13.0,2.0,5.0,28.57,-1.0,15.0,1.0,7.0,12.5,0.0,0
24.0,15.0,10.0,46.0,17.86,121.0,14.0,12.0,45.0,21.05,-2.0,0.0,0.0,0.0,0.0,0.0,0
6.0,14.0,13.0,48.0,21.31,128.0,13.0,19.0,43.0,30.65,-6.0,15.0,12.0,48.0,20.0,-1.0,0
26.0,5.0,43.0,25.0,63.24,140.0,4.0,44.0,22.0,66.67,-1.0,6.0,41.0,24.0,63.08,-2.0,1
21.0,9.0,24.0,22.0,52.17,93.0,8.0,27.0,20.0,57.45,-3.0,10.0,23.0,23.0,50.0,-1.0,0
16.0,7.0,35.0,40.0,46.67,158.0,6.0,38.0,38.0,50.0,-3.0,8.0,34.0,41.0,45.33,-1.0,1
3.0,8.0,14.0,19.0,42.42,65.0,7.0,15.0,16.0,48.39,-1.0,9.0,11.0,18.0,37.93,-3.0,0
12.0,13.0,27.0,50.0,35.06,162.0,12.0,28.0,49.0,36.36,-1.0,14.0,20.0,57.0,25.97,-7.0,0
18.0,5.0,8.0,3.0,72.73,21.0,4.0,8.0,3.0,72.73,0.0,6.0,6.0,4.0,60.0,-2.0,1
5.0,4.0,33.0,21.0,61.11,107.0,3.0,33.0,20.0,62.26,0.0,5.0,33.0,21.0,61.11,0.0,0
12.0,12.0,17.0,30.0,36.17,99.0,11.0,19.0,30.0,38.78,-2.0,13.0,17.0,31.0,35.42,0.0,0
22.0,7.0,18.0,13.0,58.06,60.0,6.0,20.0,10.0,66.67,-2.0,8.0,17.0,14.0,54.84,-1.0,0
28.0,8.0,21.0,16.0,56.76,71.0,7.0,21.0,15.0,58.33,0.0,9.0,17.0,17.0,50.0,-4.0,0
18.0,4.0,39.0,19.0,67.24,125.0,3.0,41.0,18.0,69.49,-2.0,5.0,39.0,21.0,65.0,0.0,1
23.0,5.0,45.0,34.0,56.96,165.0,4.0,47.0,32.0,59.49,-2.0,6.0,39.0,40.0,49.37,-6.0,1
9.0,11.0,18.0,22.0,45.0,82.0,10.0,19.0,20.0,48.72,-1.0,12.0,16.0,24.0,40.0,-2.0,1
15.0,3.0,46.0,30.0,60.53,158.0,2.0,49.0,27.0,64.47,-3.0,4.0,45.0,31.0,59.21,-1.0,1
17.0,1.0,55.0,18.0,75.34,152.0,0.0,0.0,0.0,0.0,0.0,2.0,47.0,27.0,63.51,-8.0,1
21.0,9.0,41.0,34.0,54.67,158.0,8.0,42.0,34.0,55.26,-1.0,10.0,38.0,38.0,50.0,-3.0,0
8.0,6.0,38.0,39.0,49.35,159.0,5.0,44.0,33.0,57.14,-6.0,7.0,35.0,41.0,46.05,-3.0,1
5.0,3.0,31.0,20.0,60.78,101.0,2.0,33.0,17.0,66.0,-2.0,4.0,31.0,20.0,60.78,0.0,1
19.0,9.0,44.0,37.0,54.32,168.0,8.0,44.0,37.0,54.32,0.0,10.0,39.0,42.0,48.15,-5.0,1
28.0,8.0,26.0,20.0,56.52,90.0,7.0,29.0,17.0,63.04,-3.0,9.0,23.0,21.0,52.27,-3.0,0
9.0,12.0,28.0,47.0,37.33,156.0,11.0,34.0,41.0,45.33,-6.0,13.0,26.0,48.0,35.14,-2.0,0
7.0,11.0,13.0,24.0,35.14,68.0,10.0,11.0,20.0,35.48,2.0,12.0,11.0,24.0,31.43,-2.0,0
13.0,9.0,34.0,41.0,45.33,156.0,8.0,34.0,40.0,45.95,0.0,10.0,32.0,42.0,43.24,-2.0,0
29.0,2.0,40.0,14.0,74.07,118.0,1.0,43.0,10.0,81.13,-3.0,3.0,37.0,18.0,67.27,-3.0,0
11.0,11.0,10.0,20.0,33.33,60.0,10.0,11.0,21.0,34.38,-1.0,12.0,10.0,20.0,33.33,0.0,0
23.0,2.0,19.0,6.0,76.0,53.0,1.0,21.0,6.0,77.78,-2.0,3.0,18.0,7.0,72.0,-1.0,0
3.0,9.0,35.0,43.0,44.87,162.0,8.0,35.0,42.0,45.45,0.0,10.0,34.0,43.0,44.16,-1.0,1
29.0,2.0,50.0,21.0,70.42,147.0,1.0,57.0,13.0,81.43,-7.0,3.0,47.0,23.0,67.14,-3.0,1
1.0,1.0,23.0,4.0,85.19,57.0,0.0,0.0,0.0,0.0,0.0,2.0,23.0,7.0,76.67,0.0,0
17.0,1.0,47.0,12.0,79.66,124.0,0.0,0.0,0.0,0.0,0.0,2.0,37.0,22.0,62.71,-10.0,0
22.0,3.0,54.0,26.0,67.5,165.0,2.0,54.0,25.0,68.35,0.0,4.0,53.0,26.0,67.09,-1.0,0
22.0,5.0,53.0,26.0,67.09,163.0,4.0,53.0,26.0,67.09,0.0,6.0,51.0,27.0,65.38,-2.0,1
16.0,7.0,36.0,41.0,46.75,161.0,6.0,38.0,39.0,49.35,-2.0,8.0,35.0,42.0,45.45,-1.0,1
15.0,3.0,50.0,32.0,60.98,170.0,2.0,53.0,29.0,64.63,-3.0,4.0,49.0,33.0,59.76,-1.0,1
27.0,6.0,14.0,5.0,73.68,40.0,5.0,15.0,5.0,75.0,-1.0,7.0,15.0,6.0,71.43,1.0,0
5.0,2.0,52.0,29.0,64.2,168.0,1.0,60.0,21.0,74.07,-8.0,3.0,49.0,32.0,60.49,-3.0,1
3.0,8.0,21.0,28.0,42.86,100.0,7.0,21.0,27.0,43.75,0.0,9.0,20.0,28.0,41.67,-1.0,0
29.0,2.0,43.0,17.0,71.67,128.0,1.0,47.0,12.0,79.66,-4.0,3.0,40.0,19.0,67.8,-3.0,1
5.0,5.0,18.0,14.0,56.25,65.0,4.0,22.0,10.0,68.75,-4.0,6.0,17.0,16.0,51.52,-1.0,0
22.0,5.0,51.0,26.0,66.23,160.0,4.0,52.0,26.0,66.67,-1.0,6.0,50.0,26.0,65.79,-1.0,1
28.0,10.0,38.0,36.0,51.35,153.0,9.0,39.0,34.0,53.42,-1.0,11.0,32.0,41.0,43.84,-6.0,1
21.0,10.0,27.0,26.0,50.94,107.0,9.0,28.0,25.0,52.83,-1.0,11.0,20.0,33.0,37.74,-7.0,0
5.0,4.0,39.0,24.0,61.9,128.0,3.0,38.0,23.0,62.3,1.0,5.0,34.0,27.0,55.74,-5.0,0
4.0,8.0,27.0,34.0,44.26,130.0,7.0,27.0,33.0,45.0,0.0,9.0,27.0,34.0,44.26,0.0,1
23.0,2.0,25.0,11.0,69.44,74.0,1.0,28.0,8.0,77.78,-3.0,3.0,24.0,11.0,68.57,-1.0,1
30.0,11.0,30.0,36.0,45.45,140.0,10.0,35.0,33.0,51.47,-5.0,12.0,26.0,42.0,38.24,-4.0,0
21.0,8.0,43.0,37.0,53.75,167.0,7.0,49.0,31.0,61.25,-6.0,9.0,43.0,37.0,53.75,0.0,0
25.0,2.0,56.0,26.0,68.29,170.0,1.0,67.0,15.0,81.71,-11.0,3.0,56.0,26.0,68.29,0.0,1
13.0,11.0,4.0,7.0,36.36,25.0,10.0,5.0,7.0,41.67,-1.0,12.0,4.0,9.0,30.77,0.0,0
29.0,3.0,29.0,12.0,70.73,84.0,2.0,31.0,11.0,73.81,-2.0,4.0,29.0,13.0,69.05,0.0,1
2.0,3.0,24.0,11.0,68.57,73.0,2.0,25.0,11.0,69.44,-1.0,4.0,24.0,11.0,68.57,0.0,1
4.0,11.0,15.0,29.0,34.09,86.0,10.0,17.0,26.0,39.53,-2.0,12.0,15.0,30.0,33.33,0.0,0
11.0,8.0,19.0,27.0,41.3,93.0,7.0,20.0,25.0,44.44,-1.0,9.0,18.0,27.0,40.0,-1.0,0
3.0,9.0,27.0,34.0,44.26,130.0,8.0,27.0,34.0,44.26,0.0,10.0,25.0,35.0,41.67,-2.0,1
20.0,15.0,6.0,31.0,16.22,78.0,14.0,12.0,27.0,30.77,-6.0,0.0,0.0,0.0,0.0,0.0,0
22.0,6.0,48.0,26.0,64.86,155.0,5.0,49.0,26.0,65.33,-1.0,7.0,45.0,29.0,60.81,-3.0,1
15.0,3.0,49.0,32.0,60.49,168.0,2.0,52.0,29.0,64.2,-3.0,4.0,48.0,32.0,60.0,-1.0,1
5.0,2.0,42.0,25.0,62.69,136.0,1.0,50.0,14.0,78.12,-8.0,3.0,40.0,26.0,60.61,-2.0,0
19.0,9.0,42.0,36.0,53.85,162.0,8.0,42.0,35.0,54.55,0.0,10.0,39.0,39.0,50.0,-3.0,1
5.0,2.0,46.0,26.0,63.89,146.0,1.0,53.0,17.0,75.71,-7.0,3.0,42.0,28.0,60.0,-4.0,1
10.0,14.0,3.0,9.0,25.0,23.0,13.0,3.0,7.0,30.0,0.0,15.0,3.0,10.0,23.08,0.0,0
18.0,4.0,12.0,4.0,75.0,32.0,3.0,12.0,4.0,75.0,0.0,5.0,11.0,4.0,73.33,-1.0,0
25.0,4.0,45.0,22.0,67.16,141.0,3.0,44.0,21.0,67.69,1.0,5.0,43.0,25.0,63.24,-2.0,1
8.0,6.0,41.0,41.0,50.0,170.0,5.0,46.0,36.0,56.1,-5.0,7.0,40.0,42.0,48.78,-1.0,1
1.0,1.0,65.0,15.0,81.25,166.0,0.0,0.0,0.0,0.0,0.0,2.0,54.0,26.0,67.5,-11.0,1
21.0,9.0,36.0,29.0,55.38,134.0,8.0,35.0,28.0,55.56,1.0,10.0,33.0,32.0,50.77,-3.0,1
4.0,9.0,35.0,43.0,44.87,163.0,8.0,36.0,42.0,46.15,-1.0,10.0,35.0,43.0,44.87,0.0,1
17.0,1.0,38.0,8.0,82.61,93.0,0.0,0.0,0.0,0.0,0.0,2.0,31.0,15.0,67.39,-7.0,0
26.0,7.0,41.0,25.0,62.12,134.0,6.0,40.0,23.0,63.49,1.0,8.0,35.0,28.0,55.56,-6.0,0
19.0,8.0,34.0,27.0,55.74,128.0,7.0,37.0,23.0,61.67,-3.0,9.0,33.0,28.0,54.1,-1.0,0
16.0,8.0,21.0,29.0,42.0,103.0,7.0,22.0,28.0,44.0,-1.0,9.0,21.0,29.0,42.0,0.0,0
29.0,2.0,42.0,17.0,71.19,127.0,1.0,46.0,12.0,79.31,-4.0,3.0,41.0,19.0,68.33,-1.0,0
13.0,9.0,10.0,16.0,38.46,57.0,8.0,12.0,15.0,44.44,-2.0,10.0,11.0,20.0,35.48,1.0,0
27.0,6.0,33.0,19.0,63.46,104.0,5.0,35.0,18.0,66.04,-2.0,7.0,32.0,19.0,62.75,-1.0,1
17.0,1.0,54.0,17.0,76.06,149.0,0.0,0.0,0.0,0.0,0.0,2.0,47.0,26.0,64.38,-7.0,1
1.0,1.0,64.0,15.0,81.01,164.0,0.0,0.0,0.0,0.0,0.0,2.0,53.0,25.0,67.95,-11.0,1
28.0,10.0,35.0,33.0,51.47,139.0,9.0,36.0,30.0,54.55,-1.0,11.0,29.0,36.0,44.62,-6.0,1
2.0,2.0,37.0,18.0,67.27,117.0,1.0,43.0,12.0,78.18,-6.0,3.0,35.0,21.0,62.5,-2.0,1
4.0,11.0,7.0,15.0,31.82,44.0,10.0,7.0,13.0,35.0,0.0,12.0,6.0,15.0,28.57,-1.0,0
26.0,6.0,42.0,25.0,62.69,137.0,5.0,42.0,24.0,63.64,0.0,7.0,40.0,24.0,62.5,-2.0,1
25.0,2.0,55.0,26.0,67.9,168.0,1.0,66.0,15.0,81.48,-11.0,3.0,55.0,26.0,67.9,0.0,1
16.0,11.0,29.0,39.0,42.65,145.0,10.0,29.0,38.0,43.28,0.0,12.0,25.0,44.0,36.23,-4.0,1
26.0,7.0,45.0,27.0,62.5,148.0,6.0,44.0,26.0,62.86,1.0,8.0,41.0,30.0,57.75,-4.0,1
18.0,3.0,44.0,20.0,68.75,139.0,2.0,46.0,20.0,69.7,-2.0,4.0,44.0,22.0,66.67,0.0,1
21.0,11.0,8.0,10.0,44.44,40.0,10.0,9.0,10.0,47.37,-1.0,12.0,6.0,13.0,31.58,-2.0,0
26.0,7.0,46.0,30.0,60.53,157.0,6.0,48.0,26.0,64.86,-2.0,8.0,42.0,33.0,56.0,-4.0,1
26.0,4.0,3.0,1.0,75.0,7.0,3.0,3.0,0.0,100.0,0.0,5.0,3.0,1.0,75.0,0.0,0
2.0,4.0,46.0,32.0,58.97,163.0,3.0,46.0,32.0,58.97,0.0,5.0,45.0,33.0,57.69,-1.0,1
5.0,2.0,51.0,28.0,64.56,165.0,1.0,60.0,19.0,75.95,-9.0,3.0,47.0,32.0,59.49,-4.0,1
29.0,2.0,34.0,12.0,73.91,94.0,1.0,36.0,7.0,83.72,-2.0,3.0,32.0,14.0,69.57,-2.0,1
2.0,3.0,42.0,28.0,60.0,146.0,2.0,46.0,26.0,63.89,-4.0,4.0,42.0,29.0,59.15,0.0,1
2.0,3.0,40.0,27.0,59.7,140.0,2.0,43.0,26.0,62.32,-3.0,4.0,40.0,28.0,58.82,0.0,1
23.0,5.0,46.0,34.0,57.5,167.0,4.0,48.0,32.0,60.0,-2.0,6.0,40.0,40.0,50.0,-6.0,1
23.0,2.0,29.0,15.0,65.91,89.0,1.0,36.0,8.0,81.82,-7.0,3.0,28.0,15.0,65.12,-1.0,1
11.0,10.0,32.0,42.0,43.24,156.0,9.0,34.0,41.0,45.33,-2.0,11.0,32.0,43.0,42.67,0.0,1
30.0,13.0,13.0,26.0,33.33,78.0,12.0,16.0,22.0,42.11,-3.0,14.0,12.0,27.0,30.77,-1.0,0
26.0,5.0,27.0,12.0,69.23,78.0,4.0,26.0,11.0,70.27,1.0,6.0,25.0,13.0,65.79,-2.0,0
25.0,4.0,41.0,20.0,67.21,128.0,3.0,40.0,19.0,67.8,1.0,5.0,40.0,22.0,64.52,-1.0,0
11.0,9.0,22.0,31.0,41.51,117.0,8.0,22.0,31.0,41.51,0.0,10.0,22.0,33.0,40.0,0.0,0
4.0,12.0,10.0,19.0,34.48,57.0,11.0,10.0,19.0,34.48,0.0,13.0,5.0,23.0,17.86,-5.0,0
4.0,10.0,32.0,41.0,43.84,153.0,9.0,32.0,41.0,43.84,0.0,11.0,31.0,41.0,43.06,-1.0,1
25.0,5.0,29.0,13.0,69.05,84.0,4.0,29.0,13.0,69.05,0.0,6.0,28.0,14.0,66.67,-1.0,1
24.0,14.0,5.0,30.0,14.29,67.0,13.0,9.0,23.0,28.12,-4.0,15.0,4.0,27.0,12.9,-1.0,0
7.0,12.0,15.0,28.0,34.88,81.0,11.0,15.0,26.0,36.59,0.0,13.0,13.0,25.0,34.21,-2.0,1
28.0,8.0,22.0,16.0,57.89,72.0,7.0,21.0,15.0,58.33,1.0,9.0,17.0,18.0,48.57,-5.0,0
22.0,7.0,34.0,20.0,62.96,115.0,6.0,36.0,20.0,64.29,-2.0,8.0,29.0,25.0,53.7,-5.0,0
10.0,14.0,13.0,38.0,25.49,104.0,13.0,18.0,33.0,35.29,-5.0,15.0,11.0,40.0,21.57,-2.0,0
29.0,4.0,1.0,0.0,100.0,2.0,3.0,1.0,0.0,100.0,0.0,5.0,1.0,0.0,100.0,0.0,0
23.0,5.0,41.0,33.0,55.41,153.0,4.0,43.0,30.0,58.9,-2.0,6.0,36.0,37.0,49.32,-5.0,0
23.0,5.0,33.0,23.0,58.93,118.0,4.0,35.0,22.0,61.4,-2.0,6.0,31.0,24.0,56.36,-2.0,0
18.0,6.0,36.0,19.0,65.45,118.0,5.0,38.0,20.0,65.52,-2.0,7.0,34.0,21.0,61.82,-2.0,1
22.0,3.0,1.0,0.0,100.0,1.0,2.0,1.0,0.0,100.0,0.0,4.0,0.0,1.0,0.0,-1.0,0
7.0,13.0,19.0,41.0,31.67,123.0,12.0,23.0,35.0,39.66,-4.0,14.0,13.0,45.0,22.41,-6.0,0
27.0,5.0,16.0,6.0,72.73,46.0,4.0,17.0,6.0,73.91,-1.0,6.0,17.0,7.0,70.83,1.0,0
19.0,8.0,42.0,32.0,56.76,153.0,7.0,45.0,29.0,60.81,-3.0,9.0,39.0,34.0,53.42,-3.0,0
21.0,9.0,33.0,28.0,54.1,128.0,8.0,34.0,27.0,55.74,-1.0,10.0,32.0,30.0,51.61,-1.0,1
19.0,10.0,23.0,24.0,48.94,96.0,9.0,25.0,22.0,53.19,-2.0,11.0,19.0,29.0,39.58,-4.0,1
15.0,4.0,27.0,15.0,64.29,82.0,3.0,26.0,13.0,66.67,1.0,5.0,21.0,19.0,52.5,-6.0,1
24.0,7.0,1.0,1.0,50.0,3.0,6.0,1.0,0.0,100.0,0.0,8.0,1.0,1.0,50.0,0.0,0
18.0,5.0,47.0,25.0,65.28,152.0,4.0,48.0,25.0,65.75,-1.0,6.0,46.0,26.0,63.89,-1.0,1
5.0,5.0,18.0,12.0,60.0,62.0,4.0,21.0,9.0,70.0,-3.0,6.0,15.0,16.0,48.39,-3.0,0
9.0,12.0,13.0,18.0,41.94,62.0,11.0,13.0,17.0,43.33,0.0,13.0,10.0,20.0,33.33,-3.0,1
16.0,11.0,27.0,38.0,41.54,140.0,10.0,29.0,36.0,44.62,-2.0,12.0,23.0,43.0,34.85,-4.0,1
4.0,12.0,21.0,33.0,38.89,107.0,11.0,21.0,33.0,38.89,0.0,13.0,17.0,39.0,30.36,-4.0,0
14.0,14.0,3.0,19.0,13.64,43.0,13.0,4.0,19.0,17.39,-1.0,15.0,2.0,18.0,10.0,-1.0,0
9.0,11.0,17.0,20.0,45.95,74.0,10.0,18.0,19.0,48.65,-1.0,12.0,15.0,21.0,41.67,-2.0,0
26.0,7.0,48.0,31.0,60.76,165.0,6.0,51.0,28.0,64.56,-3.0,8.0,43.0,36.0,54.43,-5.0,1
9.0,12.0,29.0,49.0,37.18,163.0,11.0,36.0,42.0,46.15,-7.0,13.0,27.0,51.0,34.62,-2.0,0
12.0,12.0,15.0,20.0,42.86,72.0,11.0,16.0,20.0,44.44,-1.0,13.0,13.0,23.0,36.11,-2.0,0
26.0,4.0,0.0,1.0,0.0,1.0,3.0,1.0,0.0,100.0,-1.0,5.0,0.0,1.0,0.0,0.0,0
7.0,9.0,9.0,15.0,37.5,44.0,8.0,8.0,12.0,40.0,1.0,10.0,7.0,13.0,35.0,-2.0,0
5.0,5.0,19.0,16.0,54.29,70.0,4.0,23.0,11.0,67.65,-4.0,6.0,18.0,17.0,51.43,-1.0,0
23.0,2.0,17.0,6.0,73.91,48.0,1.0,18.0,6.0,75.0,-1.0,3.0,16.0,7.0,69.57,-1.0,0
26.0,7.0,44.0,27.0,61.97,146.0,6.0,44.0,25.0,63.77,0.0,8.0,40.0,30.0,57.14,-4.0,1
27.0,6.0,4.0,3.0,57.14,14.0,5.0,4.0,3.0,57.14,0.0,7.0,4.0,3.0,57.14,0.0,0
14.0,12.0,24.0,43.0,35.82,141.0,11.0,27.0,38.0,41.54,-3.0,13.0,21.0,48.0,30.43,-3.0,1
22.0,7.0,39.0,23.0,62.9,132.0,6.0,41.0,24.0,63.08,-2.0,8.0,35.0,28.0,55.56,-4.0,1
4.0,9.0,31.0,40.0,43.66,149.0,8.0,31.0,40.0,43.66,0.0,10.0,30.0,40.0,42.86,-1.0,1
2.0,2.0,33.0,15.0,68.75,96.0,1.0,40.0,8.0,83.33,-7.0,3.0,31.0,17.0,64.58,-2.0,1
23.0,5.0,40.0,29.0,57.97,144.0,4.0,41.0,28.0,59.42,-1.0,6.0,34.0,35.0,49.28,-6.0,0
8.0,6.0,41.0,40.0,50.62,168.0,5.0,46.0,34.0,57.5,-5.0,7.0,38.0,42.0,47.5,-3.0,1
12.0,12.0,18.0,32.0,36.0,104.0,11.0,19.0,32.0,37.25,-1.0,13.0,18.0,33.0,35.29,0.0,0
11.0,11.0,10.0,19.0,34.48,57.0,10.0,11.0,20.0,35.48,-1.0,12.0,10.0,19.0,34.48,0.0,0
17.0,1.0,50.0,14.0,78.12,135.0,0.0,0.0,0.0,0.0,0.0,2.0,41.0,25.0,62.12,-9.0,1
1.0,1.0,43.0,10.0,81.13,118.0,0.0,0.0,0.0,0.0,0.0,2.0,40.0,14.0,74.07,-3.0,0
12.0,12.0,12.0,15.0,44.44,55.0,11.0,12.0,15.0,44.44,0.0,13.0,8.0,19.0,29.63,-4.0,0
13.0,10.0,20.0,31.0,39.22,107.0,9.0,21.0,31.0,40.38,-1.0,11.0,21.0,33.0,38.89,1.0,1
4.0,7.0,30.0,34.0,46.88,136.0,6.0,34.0,31.0,52.31,-4.0,8.0,29.0,35.0,45.31,-1.0,1
9.0,11.0,19.0,30.0,38.78,99.0,10.0,24.0,24.0,50.0,-5.0,12.0,17.0,30.0,36.17,-2.0,0
28.0,8.0,23.0,18.0,56.1,78.0,7.0,23.0,16.0,58.97,0.0,9.0,18.0,19.0,48.65,-5.0,0
10.0,14.0,12.0,29.0,29.27,81.0,13.0,14.0,26.0,35.0,-2.0,15.0,6.0,32.0,15.79,-6.0,0
7.0,13.0,16.0,37.0,30.19,102.0,12.0,19.0,32.0,37.25,-3.0,14.0,11.0,40.0,21.57,-5.0,0
7.0,9.0,10.0,16.0,38.46,47.0,8.0,10.0,12.0,45.45,0.0,10.0,7.0,14.0,33.33,-3.0,0
16.0,9.0,5.0,7.0,41.67,25.0,8.0,6.0,8.0,42.86,-1.0,10.0,5.0,7.0,41.67,0.0,0
14.0,14.0,3.0,16.0,15.79,37.0,13.0,4.0,15.0,21.05,-1.0,15.0,1.0,17.0,5.56,-2.0,0
4.0,8.0,38.0,43.0,46.91,169.0,7.0,39.0,42.0,48.15,-1.0,9.0,37.0,44.0,45.68,-1.0,1
5.0,6.0,19.0,19.0,50.0,76.0,5.0,20.0,19.0,51.28,-1.0,7.0,16.0,21.0,43.24,-3.0,1
3.0,8.0,29.0,35.0,45.31,135.0,7.0,29.0,34.0,46.03,0.0,9.0,28.0,35.0,44.44,-1.0,0
13.0,9.0,32.0,41.0,43.84,153.0,8.0,32.0,40.0,44.44,0.0,10.0,32.0,41.0,43.84,0.0,1
29.0,3.0,24.0,8.0,75.0,67.0,2.0,26.0,7.0,78.79,-2.0,4.0,24.0,10.0,70.59,0.0,1
16.0,8.0,23.0,32.0,41.82,121.0,7.0,25.0,31.0,44.64,-2.0,9.0,23.0,32.0,41.82,0.0,0
16.0,8.0,33.0,40.0,45.21,155.0,7.0,34.0,40.0,45.95,-1.0,9.0,33.0,41.0,44.59,0.0,1
10.0,14.0,13.0,35.0,27.08,97.0,13.0,17.0,30.0,36.17,-4.0,15.0,8.0,39.0,17.02,-5.0,0
21.0,10.0,37.0,33.0,52.86,146.0,9.0,38.0,33.0,53.52,-1.0,11.0,31.0,38.0,44.93,-6.0,0
21.0,8.0,42.0,35.0,54.55,162.0,7.0,46.0,31.0,59.74,-4.0,9.0,42.0,36.0,53.85,0.0,1
14.0,13.0,5.0,21.0,19.23,51.0,12.0,6.0,19.0,24.0,-1.0,14.0,5.0,22.0,18.52,0.0,0
29.0,3.0,52.0,24.0,68.42,158.0,2.0,52.0,24.0,68.42,0.0,4.0,50.0,26.0,65.79,-2.0,1
12.0,13.0,18.0,34.0,34.62,107.0,12.0,19.0,34.0,35.85,-1.0,14.0,13.0,40.0,24.53,-5.0,0
16.0,10.0,30.0,40.0,42.86,149.0,9.0,31.0,40.0,43.66,-1.0,11.0,30.0,40.0,42.86,0.0,1
27.0,4.0,52.0,26.0,66.67,160.0,3.0,52.0,25.0,67.53,0.0,5.0,51.0,26.0,66.23,-1.0,1
30.0,11.0,34.0,42.0,44.74,159.0,10.0,39.0,38.0,50.65,-5.0,12.0,28.0,49.0,36.36,-6.0,0
28.0,10.0,38.0,37.0,50.67,154.0,9.0,39.0,34.0,53.42,-1.0,11.0,33.0,41.0,44.59,-5.0,1
22.0,2.0,55.0,26.0,67.9,167.0,1.0,65.0,15.0,81.25,-10.0,3.0,54.0,26.0,67.5,-1.0,1
15.0,4.0,41.0,28.0,59.42,142.0,3.0,41.0,27.0,60.29,0.0,5.0,40.0,28.0,58.82,-1.0,1
27.0,3.0,55.0,26.0,67.9,168.0,2.0,55.0,26.0,67.9,0.0,4.0,55.0,26.0,67.9,0.0,1
13.0,7.0,30.0,36.0,45.45,140.0,6.0,34.0,32.0,51.52,-4.0,8.0,30.0,36.0,45.45,0.0,1
19.0,8.0,38.0,30.0,55.88,142.0,7.0,42.0,25.0,62.69,-4.0,9.0,37.0,30.0,55.22,-1.0,1
2.0,3.0,39.0,26.0,60.0,137.0,2.0,42.0,25.0,62.69,-3.0,4.0,40.0,27.0,59.7,1.0,1
13.0,11.0,14.0,26.0,35.0,87.0,10.0,17.0,26.0,39.53,-3.0,12.0,15.0,29.0,34.09,1.0,0
10.0,14.0,3.0,11.0,21.43,27.0,13.0,3.0,9.0,25.0,0.0,15.0,3.0,12.0,20.0,0.0,0
23.0,3.0,32.0,20.0,61.54,103.0,2.0,34.0,17.0,66.67,-2.0,4.0,31.0,20.0,60.78,-1.0,0
29.0,2.0,48.0,21.0,69.57,144.0,1.0,55.0,13.0,80.88,-7.0,3.0,46.0,22.0,67.65,-2.0,1
17.0,1.0,55.0,17.0,76.39,151.0,0.0,0.0,0.0,0.0,0.0,2.0,47.0,27.0,63.51,-8.0,1
6.0,15.0,3.0,23.0,11.54,55.0,14.0,5.0,25.0,16.67,-2.0,0.0,0.0,0.0,0.0,0.0,0
23.0,2.0,30.0,15.0,66.67,90.0,1.0,37.0,8.0,82.22,-7.0,3.0,29.0,15.0,65.91,-1.0,0
22.0,6.0,7.0,4.0,63.64,23.0,5.0,8.0,3.0,72.73,-1.0,7.0,6.0,4.0,60.0,-1.0,0
1.0,1.0,42.0,9.0,82.35,107.0,0.0,0.0,0.0,0.0,0.0,2.0,39.0,14.0,73.58,-3.0,1
29.0,2.0,47.0,20.0,70.15,140.0,1.0,53.0,13.0,80.3,-6.0,3.0,44.0,21.0,67.69,-3.0,1
16.0,8.0,36.0,42.0,46.15,163.0,7.0,36.0,42.0,46.15,0.0,9.0,35.0,43.0,44.87,-1.0,0
10.0,14.0,5.0,16.0,23.81,41.0,13.0,5.0,15.0,25.0,0.0,15.0,4.0,15.0,21.05,-1.0,0
23.0,3.0,13.0,6.0,68.42,41.0,2.0,13.0,6.0,68.42,0.0,4.0,11.0,7.0,61.11,-2.0,0
16.0,8.0,25.0,33.0,43.1,126.0,7.0,26.0,33.0,44.07,-1.0,9.0,25.0,34.0,42.37,0.0,0
8.0,6.0,34.0,30.0,53.12,135.0,5.0,36.0,28.0,56.25,-2.0,7.0,29.0,34.0,46.03,-5.0,1
24.0,14.0,5.0,29.0,14.71,65.0,13.0,8.0,23.0,25.81,-3.0,15.0,4.0,26.0,13.33,-1.0,0
24.0,15.0,5.0,34.0,12.82,73.0,14.0,5.0,29.0,14.71,0.0,0.0,0.0,0.0,0.0,0.0,0
16.0,5.0,4.0,2.0,66.67,13.0,4.0,5.0,2.0,71.43,-1.0,6.0,3.0,3.0,50.0,-1.0,1
6.0,15.0,2.0,23.0,8.0,53.0,14.0,5.0,23.0,17.86,-3.0,0.0,0.0,0.0,0.0,0.0,0
19.0,8.0,40.0,30.0,57.14,146.0,7.0,44.0,27.0,61.97,-4.0,9.0,38.0,33.0,53.52,-2.0,0
9.0,11.0,20.0,34.0,37.04,116.0,10.0,27.0,27.0,50.0,-7.0,12.0,20.0,34.0,37.04,0.0,0
19.0,8.0,39.0,30.0,56.52,144.0,7.0,44.0,26.0,62.86,-5.0,9.0,37.0,32.0,53.62,-2.0,1
26.0,7.0,47.0,31.0,60.26,163.0,6.0,51.0,27.0,65.38,-4.0,8.0,42.0,36.0,53.85,-5.0,1
29.0,2.0,21.0,4.0,84.0,51.0,1.0,21.0,3.0,87.5,0.0,3.0,19.0,5.0,79.17,-2.0,0
30.0,14.0,1.0,3.0,25.0,7.0,13.0,1.0,3.0,25.0,0.0,15.0,0.0,4.0,0.0,-1.0,0
3.0,10.0,35.0,45.0,43.75,166.0,9.0,36.0,43.0,45.57,-1.0,11.0,33.0,46.0,41.77,-2.0,1
29.0,4.0,55.0,27.0,67.07,170.0,3.0,56.0,26.0,68.29,-1.0,5.0,55.0,27.0,67.07,0.0,1
11.0,10.0,29.0,37.0,43.94,141.0,9.0,30.0,36.0,45.45,-1.0,11.0,27.0,38.0,41.54,-2.0,1
2.0,1.0,13.0,4.0,76.47,34.0,0.0,0.0,0.0,0.0,0.0,2.0,10.0,5.0,66.67,-3.0,0
11.0,11.0,30.0,41.0,42.25,151.0,10.0,31.0,41.0,43.06,-1.0,12.0,28.0,44.0,38.89,-2.0,1
18.0,2.0,30.0,11.0,73.17,82.0,1.0,32.0,6.0,84.21,-2.0,3.0,29.0,11.0,72.5,-1.0,0
13.0,10.0,27.0,36.0,42.86,135.0,9.0,28.0,35.0,44.44,-1.0,11.0,25.0,38.0,39.68,-2.0,1
24.0,15.0,10.0,42.0,19.23,105.0,14.0,12.0,41.0,22.64,-2.0,0.0,0.0,0.0,0.0,0.0,0
26.0,10.0,1.0,1.0,50.0,3.0,9.0,1.0,0.0,100.0,0.0,11.0,1.0,1.0,50.0,0.0,0
28.0,9.0,7.0,5.0,58.33,23.0,8.0,6.0,4.0,60.0,1.0,10.0,6.0,5.0,54.55,-1.0,0
7.0,10.0,11.0,20.0,35.48,57.0,9.0,10.0,16.0,38.46,1.0,11.0,10.0,19.0,34.48,-1.0,0
28.0,10.0,34.0,33.0,50.75,137.0,9.0,36.0,29.0,55.38,-2.0,11.0,28.0,36.0,43.75,-6.0,1
24.0,15.0,14.0,59.0,19.18,151.0,14.0,18.0,55.0,24.66,-4.0,0.0,0.0,0.0,0.0,0.0,0
13.0,7.0,36.0,42.0,46.15,163.0,6.0,38.0,40.0,48.72,-2.0,8.0,36.0,42.0,46.15,0.0,1
3.0,10.0,36.0,45.0,44.44,168.0,9.0,37.0,44.0,45.68,-1.0,11.0,33.0,48.0,40.74,-3.0,1
14.0,11.0,13.0,24.0,35.14,75.0,10.0,15.0,24.0,38.46,-2.0,12.0,12.0,23.0,34.29,-1.0,1
27.0,4.0,32.0,15.0,68.09,95.0,3.0,33.0,14.0,70.21,-1.0,5.0,32.0,15.0,68.09,0.0,1
5.0,2.0,51.0,27.0,65.38,163.0,1.0,59.0,19.0,75.64,-8.0,3.0,46.0,32.0,58.97,-5.0,1
11.0,8.0,29.0,35.0,45.31,137.0,7.0,30.0,34.0,46.88,-1.0,9.0,29.0,36.0,44.62,0.0,1
7.0,13.0,14.0,27.0,34.15,77.0,12.0,13.0,23.0,36.11,1.0,14.0,7.0,29.0,19.44,-7.0,0
15.0,4.0,43.0,29.0,59.72,147.0,3.0,42.0,28.0,60.0,1.0,5.0,40.0,31.0,56.34,-3.0,1
22.0,5.0,50.0,26.0,65.79,158.0,4.0,50.0,26.0,65.79,0.0,6.0,49.0,26.0,65.33,-1.0,1
8.0,6.0,34.0,32.0,51.52,138.0,5.0,38.0,28.0,57.58,-4.0,7.0,30.0,35.0,46.15,-4.0,1
2.0,4.0,41.0,28.0,59.42,144.0,3.0,42.0,28.0,60.0,-1.0,5.0,40.0,29.0,57.97,-1.0,0
21.0,8.0,13.0,12.0,52.0,52.0,7.0,17.0,9.0,65.38,-4.0,9.0,13.0,14.0,48.15,0.0,0
23.0,5.0,40.0,30.0,57.14,146.0,4.0,42.0,29.0,59.15,-2.0,6.0,34.0,36.0,48.57,-6.0,0
29.0,3.0,28.0,11.0,71.79,81.0,2.0,30.0,10.0,75.0,-2.0,4.0,28.0,12.0,70.0,0.0,0
1.0,1.0,49.0,12.0,80.33,132.0,0.0,0.0,0.0,0.0,0.0,2.0,44.0,18.0,70.97,-5.0,0
14.0,10.0,20.0,32.0,38.46,104.0,9.0,21.0,29.0,42.0,-1.0,11.0,20.0,32.0,38.46,0.0,0
24.0,14.0,2.0,7.0,22.22,16.0,13.0,2.0,6.0,25.0,0.0,15.0,0.0,7.0,0.0,-2.0,0
25.0,4.0,53.0,26.0,67.09,165.0,3.0,54.0,26.0,67.5,-1.0,5.0,53.0,26.0,67.09,0.0,0
12.0,13.0,26.0,49.0,34.67,158.0,12.0,28.0,48.0,36.84,-2.0,14.0,20.0,55.0,26.67,-6.0,0
7.0,10.0,6.0,10.0,37.5,28.0,9.0,5.0,8.0,38.46,1.0,11.0,4.0,8.0,33.33,-2.0,0
15.0,3.0,25.0,11.0,69.44,72.0,2.0,24.0,10.0,70.59,1.0,4.0,24.0,11.0,68.57,-1.0,0
2.0,4.0,42.0,30.0,58.33,149.0,3.0,44.0,29.0,60.27,-2.0,5.0,40.0,32.0,55.56,-2.0,0
23.0,3.0,20.0,8.0,71.43,59.0,2.0,21.0,7.0,75.0,-1.0,4.0,20.0,9.0,68.97,0.0,0
28.0,10.0,31.0,30.0,50.82,126.0,9.0,32.0,28.0,53.33,-1.0,11.0,23.0,35.0,39.66,-8.0,0
19.0,15.0,3.0,11.0,21.43,25.0,14.0,3.0,10.0,23.08,0.0,0.0,0.0,0.0,0.0,0.0,0
23.0,5.0,43.0,33.0,56.58,158.0,4.0,45.0,31.0,59.21,-2.0,6.0,38.0,38.0,50.0,-5.0,1
28.0,10.0,34.0,32.0,51.52,135.0,9.0,35.0,29.0,54.69,-1.0,11.0,27.0,36.0,42.86,-7.0,1
1.0,1.0,59.0,13.0,81.94,151.0,0.0,0.0,0.0,0.0,0.0,2.0,50.0,23.0,68.49,-9.0,1
24.0,14.0,10.0,38.0,20.83,97.0,13.0,15.0,35.0,30.0,-5.0,15.0,10.0,38.0,20.83,0.0,0
26.0,6.0,40.0,24.0,62.5,130.0,5.0,40.0,22.0,64.52,0.0,7.0,38.0,23.0,62.3,-2.0,1
10.0,14.0,17.0,49.0,25.76,140.0,13.0,22.0,44.0,33.33,-5.0,15.0,14.0,52.0,21.21,-3.0,0
9.0,12.0,26.0,44.0,37.14,144.0,11.0,31.0,37.0,45.59,-5.0,13.0,23.0,45.0,33.82,-3.0,0
13.0,8.0,31.0,39.0,44.29,147.0,7.0,32.0,37.0,46.38,-1.0,9.0,30.0,39.0,43.48,-1.0,1
16.0,7.0,35.0,41.0,46.05,159.0,6.0,38.0,39.0,49.35,-3.0,8.0,35.0,42.0,45.45,0.0,1
23.0,5.0,45.0,33.0,57.69,163.0,4.0,46.0,32.0,58.97,-1.0,6.0,38.0,40.0,48.72,-7.0,1
17.0,1.0,46.0,12.0,79.31,123.0,0.0,0.0,0.0,0.0,0.0,2.0,37.0,21.0,63.79,-9.0,1
16.0,7.0,34.0,40.0,45.95,156.0,6.0,37.0,38.0,49.33,-3.0,8.0,34.0,40.0,45.95,0.0,1
7.0,13.0,22.0,49.0,30.99,144.0,12.0,24.0,44.0,35.29,-2.0,14.0,17.0,52.0,24.64,-5.0,0
27.0,2.0,54.0,26.0,67.5,166.0,1.0,65.0,15.0,81.25,-11.0,3.0,54.0,26.0,67.5,0.0,1
11.0,12.0,11.0,24.0,31.43,68.0,11.0,13.0,24.0,35.14,-2.0,13.0,9.0,23.0,28.12,-2.0,0
2.0,4.0,47.0,32.0,59.49,165.0,3.0,47.0,32.0,59.49,0.0,5.0,45.0,34.0,56.96,-2.0,1
27.0,2.0,2.0,0.0,100.0,4.0,1.0,2.0,0.0,100.0,0.0,3.0,2.0,0.0,100.0,0.0,0
17.0,1.0,56.0,18.0,75.68,154.0,0.0,0.0,0.0,0.0,0.0,2.0,48.0,27.0,64.0,-8.0,1
4.0,9.0,38.0,44.0,46.34,170.0,8.0,38.0,44.0,46.34,0.0,10.0,37.0,45.0,45.12,-1.0,0
16.0,11.0,27.0,39.0,40.91,142.0,10.0,29.0,37.0,43.94,-2.0,12.0,24.0,44.0,35.29,-3.0,0
15.0,4.0,21.0,9.0,70.0,61.0,3.0,21.0,8.0,72.41,0.0,5.0,18.0,11.0,62.07,-3.0,0
15.0,3.0,42.0,28.0,60.0,144.0,2.0,45.0,26.0,63.38,-3.0,4.0,41.0,28.0,59.42,-1.0,1
27.0,5.0,42.0,24.0,63.64,137.0,4.0,43.0,22.0,66.15,-1.0,6.0,42.0,25.0,62.69,0.0,0
18.0,4.0,44.0,23.0,65.67,144.0,3.0,46.0,22.0,67.65,-2.0,5.0,45.0,25.0,64.29,1.0,1
9.0,11.0,19.0,29.0,39.58,96.0,10.0,23.0,24.0,48.94,-4.0,12.0,17.0,29.0,36.96,-2.0,0
28.0,10.0,39.0,43.0,47.56,169.0,9.0,44.0,37.0,54.32,-5.0,11.0,38.0,43.0,46.91,-1.0,1
30.0,14.0,6.0,18.0,25.0,48.0,13.0,8.0,16.0,33.33,-2.0,15.0,5.0,18.0,21.74,-1.0,0
18.0,2.0,30.0,8.0,78.95,76.0,1.0,29.0,5.0,85.29,1.0,3.0,26.0,11.0,70.27,-4.0,0
21.0,8.0,45.0,37.0,54.88,170.0,7.0,50.0,32.0,60.98,-5.0,9.0,45.0,37.0,54.88,0.0,1
14.0,12.0,30.0,47.0,38.96,159.0,11.0,33.0,43.0,43.42,-3.0,13.0,24.0,53.0,31.17,-6.0,0
30.0,14.0,6.0,19.0,24.0,50.0,13.0,8.0,17.0,32.0,-2.0,15.0,5.0,19.0,20.83,-1.0,0
18.0,4.0,11.0,3.0,78.57,28.0,3.0,11.0,3.0,78.57,0.0,5.0,9.0,4.0,69.23,-2.0,0
23.0,2.0,10.0,5.0,66.67,33.0,1.0,13.0,3.0,81.25,-3.0,3.0,10.0,6.0,62.5,0.0,0
17.0,1.0,60.0,21.0,74.07,168.0,0.0,0.0,0.0,0.0,0.0,2.0,52.0,29.0,64.2,-8.0,1
24.0,13.0,4.0,10.0,28.57,26.0,12.0,4.0,9.0,30.77,0.0,14.0,3.0,10.0,23.08,-1.0,0
17.0,1.0,49.0,12.0,80.33,130.0,0.0,0.0,0.0,0.0,0.0,2.0,39.0,24.0,61.9,-10.0,1
19.0,8.0,42.0,35.0,54.55,160.0,7.0,46.0,31.0,59.74,-4.0,9.0,41.0,35.0,53.95,-1.0,1
18.0,6.0,51.0,27.0,65.38,163.0,5.0,53.0,26.0,67.09,-2.0,7.0,47.0,31.0,60.26,-4.0,1
25.0,1.0,2.0,0.0,100.0,2.0,0.0,0.0,0.0,0.0,0.0,2.0,1.0,0.0,100.0,-1.0,0
27.0,4.0,50.0,26.0,65.79,156.0,3.0,51.0,24.0,68.0,-1.0,5.0,49.0,26.0,65.33,-1.0,1
19.0,9.0,36.0,29.0,55.38,137.0,8.0,36.0,29.0,55.38,0.0,10.0,34.0,33.0,50.75,-2.0,1
3.0,7.0,31.0,36.0,46.27,142.0,6.0,34.0,34.0,50.0,-3.0,8.0,30.0,37.0,44.78,-1.0,1
17.0,2.0,15.0,6.0,71.43,44.0,1.0,16.0,6.0,72.73,-1.0,3.0,15.0,6.0,71.43,0.0,1
9.0,12.0,26.0,42.0,38.24,140.0,11.0,30.0,36.0,45.45,-4.0,13.0,22.0,44.0,33.33,-4.0,0
19.0,13.0,0.0,2.0,0.0,3.0,12.0,0.0,2.0,0.0,0.0,14.0,0.0,1.0,0.0,0.0,0
26.0,6.0,18.0,8.0,69.23,50.0,5.0,17.0,7.0,70.83,1.0,7.0,17.0,8.0,68.0,-1.0,0
5.0,2.0,45.0,26.0,63.38,144.0,1.0,53.0,16.0,76.81,-8.0,3.0,42.0,28.0,60.0,-3.0,1
3.0,7.0,9.0,8.0,52.94,35.0,6.0,8.0,7.0,53.33,1.0,8.0,7.0,10.0,41.18,-2.0,0
12.0,4.0,5.0,1.0,83.33,11.0,3.0,4.0,0.0,100.0,1.0,5.0,4.0,2.0,66.67,-1.0,1
8.0,6.0,31.0,24.0,56.36,118.0,5.0,33.0,23.0,58.93,-2.0,7.0,23.0,31.0,42.59,-8.0,0
1.0,1.0,51.0,12.0,80.95,135.0,0.0,0.0,0.0,0.0,0.0,2.0,45.0,19.0,70.31,-6.0,1
16.0,9.0,20.0,28.0,41.67,100.0,8.0,21.0,28.0,42.86,-1.0,10.0,19.0,31.0,38.0,-1.0,0
9.0,12.0,30.0,52.0,36.59,170.0,11.0,38.0,44.0,46.34,-8.0,13.0,29.0,53.0,35.37,-1.0,0
28.0,8.0,29.0,23.0,55.77,102.0,7.0,32.0,18.0,64.0,-3.0,9.0,27.0,23.0,54.0,-2.0,0
19.0,10.0,18.0,19.0,48.65,74.0,9.0,18.0,18.0,50.0,0.0,11.0,17.0,20.0,45.95,-1.0,0
25.0,4.0,42.0,20.0,67.74,130.0,3.0,41.0,19.0,68.33,1.0,5.0,40.0,22.0,64.52,-2.0,1
21.0,9.0,34.0,29.0,53.97,131.0,8.0,34.0,28.0,54.84,0.0,10.0,33.0,31.0,51.56,-1.0,1
25.0,3.0,49.0,23.0,68.06,151.0,2.0,50.0,23.0,68.49,-1.0,4.0,48.0,25.0,65.75,-1.0,1
7.0,10.0,7.0,13.0,35.0,36.0,9.0,7.0,11.0,38.89,0.0,11.0,4.0,11.0,26.67,-3.0,0
26.0,7.0,50.0,32.0,60.98,170.0,6.0,51.0,31.0,62.2,-1.0,8.0,45.0,37.0,54.88,-5.0,1
5.0,5.0,27.0,20.0,57.45,93.0,4.0,30.0,17.0,63.83,-3.0,6.0,23.0,22.0,51.11,-4.0,0
5.0,2.0,43.0,25.0,63.24,139.0,1.0,52.0,14.0,78.79,-9.0,3.0,39.0,27.0,59.09,-4.0,1
6.0,15.0,0.0,4.0,0.0,7.0,14.0,0.0,3.0,0.0,0.0,0.0,0.0,0.0,0.0,0.0,0
10.0,14.0,13.0,36.0,26.53,100.0,13.0,17.0,32.0,34.69,-4.0,15.0,9.0,40.0,18.37,-4.0,0
4.0,7.0,30.0,35.0,46.15,138.0,6.0,34.0,32.0,51.52,-4.0,8.0,29.0,35.0,45.31,-1.0,1
10.0,14.0,12.0,33.0,26.67,90.0,13.0,16.0,28.0,36.36,-4.0,15.0,7.0,36.0,16.28,-5.0,0
5.0,2.0,44.0,26.0,62.86,142.0,1.0,53.0,15.0,77.94,-9.0,3.0,41.0,27.0,60.29,-3.0,1
18.0,5.0,50.0,26.0,65.79,159.0,4.0,51.0,26.0,66.23,-1.0,6.0,50.0,26.0,65.79,0.0,1
19.0,8.0,41.0,32.0,56.16,152.0,7.0,45.0,28.0,61.64,-4.0,9.0,38.0,34.0,52.78,-3.0,1
16.0,8.0,32.0,40.0,44.44,153.0,7.0,34.0,39.0,46.58,-2.0,9.0,32.0,41.0,43.84,0.0,1
14.0,10.0,20.0,31.0,39.22,102.0,9.0,21.0,29.0,42.0,-1.0,11.0,19.0,30.0,38.78,-1.0,0
8.0,10.0,0.0,1.0,0.0,2.0,9.0,0.0,1.0,0.0,0.0,11.0,0.0,1.0,0.0,0.0,0
2.0,2.0,32.0,15.0,68.09,95.0,1.0,39.0,8.0,82.98,-7.0,3.0,31.0,16.0,65.96,-1.0,1
